{"stats":{"minecraft:mined":{"minecraft:birch_log":7,"minecraft:grass_block":10,"minecraft:oak_log":5,"minecraft:oak_leaves":5},"minecraft:dropped":{"minecraft:dirt":7,"minecraft:birch_sapling":2,"minecraft:stick":1},"minecraft:custom":{"minecraft:jump":5,"minecraft:time_since_rest":4741,"minecraft:sprint_one_cm":2163,"minecraft:play_time":4741,"minecraft:time_since_death":4741,"minecraft:walk_one_cm":4276,"minecraft:total_world_time":4741,"minecraft:fly_one_cm":286,"minecraft:drop":10},"minecraft:picked_up":{"minecraft:stick":2,"minecraft:oak_log":5,"minecraft:birch_sapling":3,"minecraft:dirt":17,"minecraft:birch_log":7}},"DataVersion":3120}