{"stats":{"minecraft:mined":{"minecraft:birch_sapling":2,"minecraft:grass":2,"minecraft:grass_block":16,"minecraft:red_tulip":17,"minecraft:oak_log":9,"minecraft:dirt":7,"minecraft:birch_log":7,"minecraft:lily_of_the_valley":6,"minecraft:oak_leaves":13},"minecraft:dropped":{"minecraft:dirt":7,"minecraft:birch_sapling":2,"minecraft:stick":13},"minecraft:custom":{"minecraft:time_since_rest":16741,"minecraft:crouch_one_cm":1708,"minecraft:play_time":16741,"minecraft:sprint_one_cm":7729,"minecraft:walk_one_cm":19649,"minecraft:sneak_time":394,"minecraft:drop":22,"minecraft:jump":40,"minecraft:time_since_death":16741,"minecraft:total_world_time":16741,"minecraft:fall_one_cm":209,"minecraft:fly_one_cm":2603},"minecraft:used":{"minecraft:dirt":17,"minecraft:lily_of_the_valley":6,"minecraft:red_tulip":17,"minecraft:birch_sapling":3},"minecraft:picked_up":{"minecraft:birch_log":7,"minecraft:stick":16,"minecraft:red_tulip":17,"minecraft:oak_log":9,"minecraft:lily_of_the_valley":6,"minecraft:birch_sapling":7,"minecraft:dirt":30}},"DataVersion":3120}